,englishproductcategoryname,orderdate,salesamountcategory,cumulatesum
0,Bikes,2010-12-29,"$467,709.10","$467,709.10"
1,Bikes,2010-12-30,"$13,931.52","$481,640.62"
2,Bikes,2010-12-31,"$15,012.18","$496,652.80"
3,Bikes,2011-01-01,"$7,156.54","$503,809.34"
4,Bikes,2011-01-02,"$15,012.18","$518,821.52"
5,Bikes,2011-01-03,"$14,313.08","$533,134.60"
6,Bikes,2011-01-04,"$7,855.64","$540,990.24"
7,Bikes,2011-01-05,"$7,855.64","$548,845.88"
8,Bikes,2011-01-06,"$20,909.78","$569,755.66"
9,Bikes,2011-01-07,"$10,556.53","$580,312.19"
10,Bikes,2011-01-08,"$14,313.08","$594,625.27"
11,Bikes,2011-01-09,"$14,134.80","$608,760.07"
12,Bikes,2011-01-10,"$7,156.54","$615,916.61"
13,Bikes,2011-01-11,"$25,047.89","$640,964.50"
14,Bikes,2011-01-12,"$11,230.63","$652,195.13"
15,Bikes,2011-01-13,"$14,313.08","$666,508.21"
16,Bikes,2011-01-14,"$14,134.80","$680,643.01"
17,Bikes,2011-01-15,"$6,953.26","$687,596.27"
18,Bikes,2011-01-16,"$25,568.71","$713,164.98"
19,Bikes,2011-01-17,"$11,255.63","$724,420.61"
20,Bikes,2011-01-18,"$14,313.08","$738,733.69"
21,Bikes,2011-01-19,"$38,241.29","$776,974.98"
22,Bikes,2011-01-20,"$15,012.18","$791,987.16"
23,Bikes,2011-01-21,"$10,734.81","$802,721.97"
24,Bikes,2011-01-22,"$11,433.91","$814,155.88"
25,Bikes,2011-01-23,"$17,534.79","$831,690.67"
26,Bikes,2011-01-24,"$28,041.32","$859,731.99"
27,Bikes,2011-01-25,"$19,785.37","$879,517.36"
28,Bikes,2011-01-26,"$17,688.07","$897,205.43"
29,Bikes,2011-01-27,"$14,402.34","$911,607.77"
30,Bikes,2011-01-28,"$15,012.18","$926,619.95"
31,Bikes,2011-01-29,"$1,431,144.98","$2,357,764.93"
32,Bikes,2011-01-30,"$10,734.81","$2,368,499.74"
33,Bikes,2011-01-31,"$11,230.63","$2,379,730.37"
34,Bikes,2011-02-01,"$17,534.79","$2,397,265.16"
35,Bikes,2011-02-02,"$15,711.28","$2,412,976.44"
36,Bikes,2011-02-03,"$25,390.43","$2,438,366.87"
37,Bikes,2011-02-04,"$14,313.08","$2,452,679.95"
38,Bikes,2011-02-05,"$11,255.63","$2,463,935.58"
39,Bikes,2011-02-06,"$13,906.52","$2,477,842.10"
40,Bikes,2011-02-07,"$21,088.06","$2,498,930.16"
41,Bikes,2011-02-08,"$17,891.35","$2,516,821.51"
42,Bikes,2011-02-09,"$21,469.62","$2,538,291.13"
43,Bikes,2011-02-10,"$11,929.73","$2,550,220.86"
44,Bikes,2011-02-11,"$14,313.08","$2,564,533.94"
45,Bikes,2011-02-12,"$21,113.06","$2,585,647.00"
46,Bikes,2011-02-14,"$3,578.27","$2,589,225.27"
47,Bikes,2011-02-15,"$21,266.34","$2,610,491.61"
48,Bikes,2011-02-16,"$17,109.48","$2,627,601.09"
49,Bikes,2011-02-17,"$21,266.34","$2,648,867.43"
50,Bikes,2011-02-18,"$28,016.32","$2,676,883.75"
51,Bikes,2011-02-19,"$17,688.07","$2,694,571.82"
52,Bikes,2011-02-20,"$10,531.53","$2,705,103.35"
53,Bikes,2011-02-21,"$28,968.70","$2,734,072.05"
54,Bikes,2011-02-22,"$7,652.36","$2,741,724.41"
55,Bikes,2011-02-23,"$24,691.33","$2,766,415.74"
56,Bikes,2011-02-24,"$7,156.54","$2,773,572.28"
57,Bikes,2011-02-25,"$7,156.54","$2,780,728.82"
58,Bikes,2011-02-26,"$19,785.37","$2,800,514.19"
59,Bikes,2011-02-27,"$24,691.33","$2,825,205.52"
60,Bikes,2011-02-28,"$20,859.78","$2,846,065.30"
61,Bikes,2011-03-01,"$1,069,309.17","$3,915,374.47"
62,Bikes,2011-03-02,"$35,782.70","$3,951,157.17"
63,Bikes,2011-03-03,"$11,433.91","$3,962,591.08"
64,Bikes,2011-03-04,"$21,113.06","$3,983,704.14"
65,Bikes,2011-03-05,"$10,734.81","$3,994,438.95"
66,Bikes,2011-03-06,"$22,168.72","$4,016,607.67"
67,Bikes,2011-03-07,"$15,012.18","$4,031,619.85"
68,Bikes,2011-03-08,"$10,734.81","$4,042,354.66"
69,Bikes,2011-03-09,"$24,463.05","$4,066,817.71"
70,Bikes,2011-03-10,"$10,734.81","$4,077,552.52"
71,Bikes,2011-03-12,"$6,978.26","$4,084,530.78"
72,Bikes,2011-03-13,"$8,351.46","$4,092,882.24"
73,Bikes,2011-03-14,"$17,891.35","$4,110,773.59"
74,Bikes,2011-03-15,"$14,313.08","$4,125,086.67"
75,Bikes,2011-03-16,"$15,012.18","$4,140,098.85"
76,Bikes,2011-03-17,"$13,956.52","$4,154,055.37"
77,Bikes,2011-03-18,"$17,891.35","$4,171,946.72"
78,Bikes,2011-03-19,"$25,568.71","$4,197,515.43"
79,Bikes,2011-03-20,"$7,156.54","$4,204,671.97"
80,Bikes,2011-03-21,"$22,307.98","$4,226,979.95"
81,Bikes,2011-03-22,"$21,469.62","$4,248,449.57"
82,Bikes,2011-03-23,"$22,168.72","$4,270,618.29"
83,Bikes,2011-03-24,"$10,734.81","$4,281,353.10"
84,Bikes,2011-03-25,"$10,734.81","$4,292,087.91"
85,Bikes,2011-03-26,"$15,012.18","$4,307,100.09"
86,Bikes,2011-03-27,"$27,145.19","$4,334,245.28"
87,Bikes,2011-03-28,"$4,277.37","$4,338,522.65"
88,Bikes,2011-03-29,$699.10,"$4,339,221.75"
89,Bikes,2011-03-30,"$35,782.70","$4,375,004.45"
90,Bikes,2011-03-31,"$788,650.77","$5,163,655.22"
91,Bikes,2011-04-01,"$10,531.53","$5,174,186.75"
92,Bikes,2011-04-02,"$14,313.08","$5,188,499.83"
93,Bikes,2011-04-03,"$7,156.54","$5,195,656.37"
94,Bikes,2011-04-04,"$25,187.15","$5,220,843.52"
95,Bikes,2011-04-05,"$7,652.36","$5,228,495.88"
96,Bikes,2011-04-06,"$11,433.91","$5,239,929.79"
97,Bikes,2011-04-07,"$33,246.07","$5,273,175.86"
98,Bikes,2011-04-08,"$29,121.98","$5,302,297.84"
99,Bikes,2011-04-09,"$17,891.35","$5,320,189.19"
100,Bikes,2011-04-10,"$28,016.32","$5,348,205.51"
101,Bikes,2011-04-11,"$42,557.68","$5,390,763.19"
102,Bikes,2011-04-12,"$18,233.89","$5,408,997.08"
103,Bikes,2011-04-13,"$10,734.81","$5,419,731.89"
104,Bikes,2011-04-14,"$6,953.26","$5,426,685.15"
105,Bikes,2011-04-15,"$18,183.89","$5,444,869.04"
106,Bikes,2011-04-16,"$10,531.53","$5,455,400.57"
107,Bikes,2011-04-17,"$28,447.88","$5,483,848.45"
108,Bikes,2011-04-18,"$15,012.18","$5,498,860.63"
109,Bikes,2011-04-19,"$21,469.62","$5,520,330.25"
110,Bikes,2011-04-20,"$10,734.81","$5,531,065.06"
111,Bikes,2011-04-21,"$11,255.63","$5,542,320.69"
112,Bikes,2011-04-22,"$15,012.18","$5,557,332.87"
113,Bikes,2011-04-24,"$3,578.27","$5,560,911.14"
114,Bikes,2011-04-25,"$7,156.54","$5,568,067.68"
115,Bikes,2011-04-26,"$30,024.36","$5,598,092.04"
116,Bikes,2011-04-27,"$15,012.18","$5,613,104.22"
117,Bikes,2011-04-28,"$23,884.46","$5,636,988.68"
118,Bikes,2011-04-29,"$21,990.44","$5,658,979.12"
119,Bikes,2011-04-30,"$6,749.98","$5,665,729.10"
120,Bikes,2011-05-01,"$2,173,590.30","$7,839,319.40"
121,Bikes,2011-05-02,"$10,734.81","$7,850,054.21"
122,Bikes,2011-05-03,"$13,931.52","$7,863,985.73"
123,Bikes,2011-05-04,"$18,412.17","$7,882,397.90"
124,Bikes,2011-05-05,"$21,990.44","$7,904,388.34"
125,Bikes,2011-05-06,"$17,509.79","$7,921,898.13"
126,Bikes,2011-05-07,"$26,446.09","$7,948,344.22"
127,Bikes,2011-05-08,"$28,626.16","$7,976,970.38"
128,Bikes,2011-05-09,"$14,313.08","$7,991,283.46"
129,Bikes,2011-05-10,"$21,762.16","$8,013,045.62"
130,Bikes,2011-05-11,"$21,469.62","$8,034,515.24"
131,Bikes,2011-05-12,"$19,289.55","$8,053,804.79"
132,Bikes,2011-05-13,"$27,709.76","$8,081,514.55"
133,Bikes,2011-05-14,"$28,740.42","$8,110,254.97"
134,Bikes,2011-05-15,"$15,508.00","$8,125,762.97"
135,Bikes,2011-05-16,"$24,844.61","$8,150,607.58"
136,Bikes,2011-05-17,"$11,433.91","$8,162,041.49"
137,Bikes,2011-05-18,"$10,556.53","$8,172,598.02"
138,Bikes,2011-05-19,"$18,590.45","$8,191,188.47"
139,Bikes,2011-05-20,"$14,833.90","$8,206,022.37"
140,Bikes,2011-05-21,"$21,113.06","$8,227,135.43"
141,Bikes,2011-05-22,"$4,277.37","$8,231,412.80"
142,Bikes,2011-05-23,"$11,433.91","$8,242,846.71"
143,Bikes,2011-05-24,"$24,641.33","$8,267,488.04"
144,Bikes,2011-05-25,"$10,531.53","$8,278,019.57"
145,Bikes,2011-05-26,"$18,590.45","$8,296,610.02"
146,Bikes,2011-05-27,"$7,855.64","$8,304,465.66"
147,Bikes,2011-05-28,"$21,633.88","$8,326,099.54"
148,Bikes,2011-05-29,"$17,891.35","$8,343,990.89"
149,Bikes,2011-05-30,"$18,590.45","$8,362,581.34"
150,Bikes,2011-05-31,"$1,561,302.19","$9,923,883.53"
151,Bikes,2011-06-01,"$25,543.71","$9,949,427.24"
152,Bikes,2011-06-02,"$35,401.14","$9,984,828.38"
153,Bikes,2011-06-03,"$14,833.90","$9,999,662.28"
154,Bikes,2011-06-04,"$21,063.06","$10,020,725.34"
155,Bikes,2011-06-05,"$17,891.35","$10,038,616.69"
156,Bikes,2011-06-06,"$21,291.34","$10,059,908.03"
157,Bikes,2011-06-07,"$55,454.05","$10,115,362.08"
158,Bikes,2011-06-08,"$17,713.07","$10,133,075.15"
159,Bikes,2011-06-09,"$7,156.54","$10,140,231.69"
160,Bikes,2011-06-10,"$36,481.80","$10,176,713.49"
161,Bikes,2011-06-11,"$14,313.08","$10,191,026.57"
162,Bikes,2011-06-12,"$38,191.29","$10,229,217.86"
163,Bikes,2011-06-13,"$17,688.07","$10,246,905.93"
164,Bikes,2011-06-14,"$39,678.51","$10,286,584.44"
165,Bikes,2011-06-15,"$21,965.44","$10,308,549.88"
166,Bikes,2011-06-16,"$11,230.63","$10,319,780.51"
167,Bikes,2011-06-17,"$21,469.62","$10,341,250.13"
168,Bikes,2011-06-18,"$41,076.71","$10,382,326.84"
169,Bikes,2011-06-19,"$28,715.42","$10,411,042.26"
170,Bikes,2011-06-20,"$26,966.91","$10,438,009.17"
171,Bikes,2011-06-21,"$22,168.72","$10,460,177.89"
172,Bikes,2011-06-22,"$25,746.99","$10,485,924.88"
173,Bikes,2011-06-23,"$15,012.18","$10,500,937.06"
174,Bikes,2011-06-24,"$19,086.27","$10,520,023.33"
175,Bikes,2011-06-25,"$25,543.71","$10,545,567.04"
176,Bikes,2011-06-26,"$14,313.08","$10,559,880.12"
177,Bikes,2011-06-27,"$26,966.91","$10,586,847.03"
178,Bikes,2011-06-28,"$28,219.60","$10,615,066.63"
179,Bikes,2011-06-29,"$24,488.05","$10,639,554.68"
180,Bikes,2011-06-30,"$22,168.72","$10,661,723.40"
181,Bikes,2011-07-01,"$699,107.92","$11,360,831.32"
182,Bikes,2011-07-02,"$14,313.08","$11,375,144.40"
183,Bikes,2011-07-03,"$28,041.32","$11,403,185.72"
184,Bikes,2011-07-04,"$17,713.07","$11,420,898.79"
185,Bikes,2011-07-05,"$7,855.64","$11,428,754.43"
186,Bikes,2011-07-06,"$21,266.34","$11,450,020.77"
187,Bikes,2011-07-07,"$8,554.74","$11,458,575.51"
188,Bikes,2011-07-08,"$25,365.43","$11,483,940.94"
189,Bikes,2011-07-09,"$17,891.35","$11,501,832.29"
190,Bikes,2011-07-10,"$14,109.80","$11,515,942.09"
191,Bikes,2011-07-11,"$31,619.59","$11,547,561.68"
192,Bikes,2011-07-12,"$25,047.89","$11,572,609.57"
193,Bikes,2011-07-13,"$7,855.64","$11,580,465.21"
194,Bikes,2011-07-14,"$31,669.59","$11,612,134.80"
195,Bikes,2011-07-15,"$21,380.60","$11,633,515.40"
196,Bikes,2011-07-16,"$24,666.33","$11,658,181.73"
197,Bikes,2011-07-17,"$25,365.43","$11,683,547.16"
198,Bikes,2011-07-18,"$15,711.28","$11,699,258.44"
199,Bikes,2011-07-19,"$18,590.45","$11,717,848.89"
200,Bikes,2011-07-20,"$21,469.62","$11,739,318.51"
201,Bikes,2011-07-21,"$24,691.33","$11,764,009.84"
202,Bikes,2011-07-22,"$31,644.59","$11,795,654.43"
203,Bikes,2011-07-23,"$10,734.81","$11,806,389.24"
204,Bikes,2011-07-24,"$25,568.71","$11,831,957.95"
205,Bikes,2011-07-25,"$5,675.57","$11,837,633.52"
206,Bikes,2011-07-26,"$17,509.79","$11,855,143.31"
207,Bikes,2011-07-27,"$14,833.90","$11,869,977.21"
208,Bikes,2011-07-28,"$15,508.00","$11,885,485.21"
209,Bikes,2011-07-29,"$11,255.63","$11,896,740.84"
210,Bikes,2011-07-30,"$27,145.19","$11,923,886.03"
211,Bikes,2011-07-31,"$21,762.16","$11,945,648.19"
212,Bikes,2011-08-01,"$1,832,964.97","$13,778,613.16"
213,Bikes,2011-08-02,"$18,590.45","$13,797,203.61"
214,Bikes,2011-08-03,"$24,844.61","$13,822,048.22"
215,Bikes,2011-08-04,"$16,410.38","$13,838,458.60"
216,Bikes,2011-08-05,"$20,884.78","$13,859,343.38"
217,Bikes,2011-08-06,"$24,087.74","$13,883,431.12"
218,Bikes,2011-08-07,"$21,088.06","$13,904,519.18"
219,Bikes,2011-08-08,"$14,109.80","$13,918,628.98"
220,Bikes,2011-08-09,"$10,734.81","$13,929,363.79"
221,Bikes,2011-08-10,"$35,401.14","$13,964,764.93"
222,Bikes,2011-08-11,"$40,060.07","$14,004,825.00"
223,Bikes,2011-08-12,"$10,531.53","$14,015,356.53"
224,Bikes,2011-08-13,"$24,666.33","$14,040,022.86"
225,Bikes,2011-08-14,"$22,867.82","$14,062,890.68"
226,Bikes,2011-08-15,"$21,469.62","$14,084,360.30"
227,Bikes,2011-08-16,"$7,677.36","$14,092,037.66"
228,Bikes,2011-08-17,"$14,313.08","$14,106,350.74"
229,Bikes,2011-08-18,"$7,156.54","$14,113,507.28"
230,Bikes,2011-08-19,"$18,590.45","$14,132,097.73"
231,Bikes,2011-08-20,"$15,012.18","$14,147,109.91"
232,Bikes,2011-08-21,"$3,578.27","$14,150,688.18"
233,Bikes,2011-08-22,"$35,401.14","$14,186,089.32"
234,Bikes,2011-08-23,"$17,891.35","$14,203,980.67"
235,Bikes,2011-08-24,"$29,325.26","$14,233,305.93"
236,Bikes,2011-08-25,"$9,253.84","$14,242,559.77"
237,Bikes,2011-08-26,"$39,856.79","$14,282,416.56"
238,Bikes,2011-08-27,"$10,734.81","$14,293,151.37"
239,Bikes,2011-08-28,"$17,688.07","$14,310,839.44"
240,Bikes,2011-08-29,"$1,394,328.22","$15,705,167.66"
241,Bikes,2011-08-30,"$21,990.44","$15,727,158.10"
242,Bikes,2011-08-31,"$23,363.64","$15,750,521.74"
243,Bikes,2011-09-01,"$25,543.71","$15,776,065.45"
244,Bikes,2011-09-02,"$10,734.81","$15,786,800.26"
245,Bikes,2011-09-03,"$29,146.98","$15,815,947.24"
246,Bikes,2011-09-04,"$28,765.42","$15,844,712.66"
247,Bikes,2011-09-05,"$13,906.52","$15,858,619.18"
248,Bikes,2011-09-06,"$18,590.45","$15,877,209.63"
249,Bikes,2011-09-07,"$7,156.54","$15,884,366.17"
250,Bikes,2011-09-08,"$20,884.78","$15,905,250.95"
251,Bikes,2011-09-09,"$14,833.90","$15,920,084.85"
252,Bikes,2011-09-10,"$32,115.41","$15,952,200.26"
253,Bikes,2011-09-11,"$11,255.63","$15,963,455.89"
254,Bikes,2011-09-12,"$29,617.80","$15,993,073.69"
255,Bikes,2011-09-13,"$17,891.35","$16,010,965.04"
256,Bikes,2011-09-14,"$25,732.97","$16,036,698.01"
257,Bikes,2011-09-15,"$22,867.82","$16,059,565.83"
258,Bikes,2011-09-16,"$11,433.91","$16,070,999.74"
259,Bikes,2011-09-17,"$31,847.87","$16,102,847.61"
260,Bikes,2011-09-18,"$14,313.08","$16,117,160.69"
261,Bikes,2011-09-19,"$20,884.78","$16,138,045.47"
262,Bikes,2011-09-20,"$17,688.07","$16,155,733.54"
263,Bikes,2011-09-21,"$42,354.40","$16,198,087.94"
264,Bikes,2011-09-22,"$17,688.07","$16,215,776.01"
265,Bikes,2011-09-23,"$26,267.81","$16,242,043.82"
266,Bikes,2011-09-24,"$10,734.81","$16,252,778.63"
267,Bikes,2011-09-25,"$28,626.16","$16,281,404.79"
268,Bikes,2011-09-26,"$21,266.34","$16,302,671.13"
269,Bikes,2011-09-27,"$14,313.08","$16,316,984.21"
270,Bikes,2011-09-28,"$13,931.52","$16,330,915.73"
271,Bikes,2011-09-29,"$825,980.51","$17,156,896.24"
272,Bikes,2011-09-30,"$10,556.53","$17,167,452.77"
273,Bikes,2011-10-01,"$29,121.98","$17,196,574.75"
274,Bikes,2011-10-02,"$24,641.33","$17,221,216.08"
275,Bikes,2011-10-03,"$17,688.07","$17,238,904.15"
276,Bikes,2011-10-04,"$14,833.90","$17,253,738.05"
277,Bikes,2011-10-05,"$26,039.53","$17,279,777.58"
278,Bikes,2011-10-06,"$10,734.81","$17,290,512.39"
279,Bikes,2011-10-07,"$17,891.35","$17,308,403.74"
280,Bikes,2011-10-08,"$14,808.90","$17,323,212.64"
281,Bikes,2011-10-09,"$20,884.78","$17,344,097.42"
282,Bikes,2011-10-10,"$36,774.34","$17,380,871.76"
283,Bikes,2011-10-11,"$13,931.52","$17,394,803.28"
284,Bikes,2011-10-12,"$7,855.64","$17,402,658.92"
285,Bikes,2011-10-13,"$46,135.95","$17,448,794.87"
286,Bikes,2011-10-14,"$24,309.77","$17,473,104.64"
287,Bikes,2011-10-15,"$31,847.87","$17,504,952.51"
288,Bikes,2011-10-16,"$22,168.72","$17,527,121.23"
289,Bikes,2011-10-17,"$11,230.63","$17,538,351.86"
290,Bikes,2011-10-18,"$33,196.07","$17,571,547.93"
291,Bikes,2011-10-19,"$14,630.62","$17,586,178.55"
292,Bikes,2011-10-20,"$14,134.80","$17,600,313.35"
293,Bikes,2011-10-21,"$32,725.25","$17,633,038.60"
294,Bikes,2011-10-22,"$11,230.63","$17,644,269.23"
295,Bikes,2011-10-23,"$22,307.98","$17,666,577.21"
296,Bikes,2011-10-24,"$14,313.08","$17,680,890.29"
297,Bikes,2011-10-25,"$32,001.15","$17,712,891.44"
298,Bikes,2011-10-26,"$16,410.38","$17,729,301.82"
299,Bikes,2011-10-27,"$38,979.41","$17,768,281.23"
300,Bikes,2011-10-28,"$40,174.33","$17,808,455.56"
301,Bikes,2011-10-29,"$2,119,907.17","$19,928,362.73"
302,Bikes,2011-10-30,"$17,891.35","$19,946,254.08"
303,Bikes,2011-10-31,"$12,133.01","$19,958,387.09"
304,Bikes,2011-11-01,"$38,979.41","$19,997,366.50"
305,Bikes,2011-11-02,"$11,751.45","$20,009,117.95"
306,Bikes,2011-11-03,"$22,982.08","$20,032,100.03"
307,Bikes,2011-11-04,"$14,630.62","$20,046,730.65"
308,Bikes,2011-11-05,"$32,521.97","$20,079,252.62"
309,Bikes,2011-11-06,"$21,266.34","$20,100,518.96"
310,Bikes,2011-11-07,"$7,652.36","$20,108,171.32"
311,Bikes,2011-11-08,"$13,931.52","$20,122,102.84"
312,Bikes,2011-11-09,"$32,001.15","$20,154,103.99"
313,Bikes,2011-11-10,"$40,021.05","$20,194,125.04"
314,Bikes,2011-11-11,"$21,063.06","$20,215,188.10"
315,Bikes,2011-11-12,"$22,168.72","$20,237,356.82"
316,Bikes,2011-11-13,"$30,316.90","$20,267,673.72"
317,Bikes,2011-11-14,"$31,644.59","$20,299,318.31"
318,Bikes,2011-11-15,"$28,447.88","$20,327,766.19"
319,Bikes,2011-11-16,"$15,329.72","$20,343,095.91"
320,Bikes,2011-11-17,"$21,291.34","$20,364,387.25"
321,Bikes,2011-11-18,"$21,266.34","$20,385,653.59"
322,Bikes,2011-11-19,"$21,266.34","$20,406,919.93"
323,Bikes,2011-11-20,"$24,641.33","$20,431,561.26"
324,Bikes,2011-11-21,"$22,828.80","$20,454,390.06"
325,Bikes,2011-11-22,"$28,943.70","$20,483,333.76"
326,Bikes,2011-11-23,"$18,590.45","$20,501,924.21"
327,Bikes,2011-11-24,"$14,808.90","$20,516,733.11"
328,Bikes,2011-11-25,"$14,808.90","$20,531,542.01"
329,Bikes,2011-11-26,"$3,578.27","$20,535,120.28"
330,Bikes,2011-11-27,"$21,965.44","$20,557,085.72"
331,Bikes,2011-11-28,"$7,652.36","$20,564,738.08"
332,Bikes,2011-11-29,"$863,432.30","$21,428,170.38"
333,Bikes,2011-11-30,"$39,881.79","$21,468,052.17"
334,Bikes,2011-12-01,"$7,652.36","$21,475,704.53"
335,Bikes,2011-12-02,"$21,787.16","$21,497,491.69"
336,Bikes,2011-12-03,"$18,412.17","$21,515,903.86"
337,Bikes,2011-12-04,"$24,666.33","$21,540,570.19"
338,Bikes,2011-12-05,"$25,187.15","$21,565,757.34"
339,Bikes,2011-12-06,"$28,422.88","$21,594,180.22"
340,Bikes,2011-12-07,"$17,534.79","$21,611,715.01"
341,Bikes,2011-12-08,"$25,365.43","$21,637,080.44"
342,Bikes,2011-12-09,"$17,713.07","$21,654,793.51"
343,Bikes,2011-12-10,"$33,920.17","$21,688,713.68"
344,Bikes,2011-12-11,"$8,173.18","$21,696,886.86"
345,Bikes,2011-12-12,"$13,956.52","$21,710,843.38"
346,Bikes,2011-12-13,"$15,711.28","$21,726,554.66"
347,Bikes,2011-12-14,"$7,156.54","$21,733,711.20"
348,Bikes,2011-12-15,"$18,590.45","$21,752,301.65"
349,Bikes,2011-12-16,"$27,462.73","$21,779,764.38"
350,Bikes,2011-12-17,"$40,352.61","$21,820,116.99"
351,Bikes,2011-12-18,"$21,787.16","$21,841,904.15"
352,Bikes,2011-12-19,"$29,121.98","$21,871,026.13"
353,Bikes,2011-12-20,"$17,713.07","$21,888,739.20"
354,Bikes,2011-12-21,"$44,273.42","$21,933,012.62"
355,Bikes,2011-12-22,"$21,990.44","$21,955,003.06"
356,Bikes,2011-12-23,"$17,713.07","$21,972,716.13"
357,Bikes,2011-12-24,"$24,641.33","$21,997,357.46"
358,Bikes,2011-12-25,"$32,001.15","$22,029,358.61"
359,Bikes,2011-12-26,"$14,808.90","$22,044,167.51"
360,Bikes,2011-12-27,"$28,219.60","$22,072,387.11"
361,Bikes,2011-12-28,"$18,233.89","$22,090,621.00"
362,Bikes,2011-12-29,"$1,816,425.47","$23,907,046.47"
363,Bikes,2011-12-30,"$3,964.99","$23,911,011.46"
364,Bikes,2011-12-31,"$28,399.99","$23,939,411.45"
365,Bikes,2012-01-01,"$16,331.01","$23,955,742.46"
366,Bikes,2012-01-02,"$21,177.25","$23,976,919.71"
367,Bikes,2012-01-03,"$22,461.50","$23,999,381.21"
368,Bikes,2012-01-04,"$18,077.86","$24,017,459.07"
369,Bikes,2012-01-05,"$13,480.48","$24,030,939.55"
370,Bikes,2012-01-06,"$11,056.32","$24,041,995.87"
371,Bikes,2012-01-07,"$9,894.09","$24,051,889.96"
372,Bikes,2012-01-08,"$19,769.29","$24,071,659.25"
373,Bikes,2012-01-09,"$17,471.67","$24,089,130.92"
374,Bikes,2012-01-10,"$22,918.70","$24,112,049.62"
375,Bikes,2012-01-11,"$21,941.80","$24,133,991.42"
376,Bikes,2012-01-12,"$7,851.25","$24,141,842.67"
377,Bikes,2012-01-13,"$11,709.98","$24,153,552.65"
378,Bikes,2012-01-14,"$25,195.97","$24,178,748.62"
379,Bikes,2012-01-15,"$10,939.92","$24,189,688.54"
380,Bikes,2012-01-16,"$15,176.09","$24,204,864.63"
381,Bikes,2012-01-17,"$19,365.24","$24,224,229.87"
382,Bikes,2012-01-18,"$20,937.48","$24,245,167.35"
383,Bikes,2012-01-19,"$16,056.29","$24,261,223.64"
384,Bikes,2012-01-20,"$15,529.58","$24,276,753.22"
385,Bikes,2012-01-21,"$11,250.70","$24,288,003.92"
386,Bikes,2012-01-22,"$17,007.74","$24,305,011.66"
387,Bikes,2012-01-23,"$9,638.56","$24,314,650.22"
388,Bikes,2012-01-24,"$18,926.01","$24,333,576.23"
389,Bikes,2012-01-25,"$9,616.54","$24,343,192.77"
390,Bikes,2012-01-26,"$12,693.61","$24,355,886.38"
391,Bikes,2012-01-27,"$17,244.83","$24,373,131.21"
392,Bikes,2012-01-28,"$19,782.56","$24,392,913.77"
393,Bikes,2012-01-29,"$2,696,182.74","$27,089,096.51"
394,Bikes,2012-01-30,"$13,647.89","$27,102,744.40"
395,Bikes,2012-01-31,"$11,952.58","$27,114,696.98"
396,Bikes,2012-02-01,"$18,929.89","$27,133,626.87"
397,Bikes,2012-02-02,"$15,923.83","$27,149,550.70"
398,Bikes,2012-02-03,"$24,183.31","$27,173,734.01"
399,Bikes,2012-02-04,"$23,229.48","$27,196,963.49"
400,Bikes,2012-02-05,"$15,943.77","$27,212,907.26"
401,Bikes,2012-02-06,"$14,674.53","$27,227,581.79"
402,Bikes,2012-02-07,"$7,412.66","$27,234,994.45"
403,Bikes,2012-02-08,"$8,501.78","$27,243,496.23"
404,Bikes,2012-02-09,"$20,022.03","$27,263,518.26"
405,Bikes,2012-02-10,"$26,391.07","$27,289,909.33"
406,Bikes,2012-02-11,"$18,225.63","$27,308,134.96"
407,Bikes,2012-02-12,"$22,547.24","$27,330,682.20"
408,Bikes,2012-02-13,"$9,550.74","$27,340,232.94"
409,Bikes,2012-02-14,"$18,247.65","$27,358,480.59"
410,Bikes,2012-02-15,"$16,397.56","$27,374,878.15"
411,Bikes,2012-02-16,"$23,598.28","$27,398,476.43"
412,Bikes,2012-02-17,"$21,889.70","$27,420,366.13"
413,Bikes,2012-02-18,"$19,015.63","$27,439,381.76"
414,Bikes,2012-02-19,"$20,281.44","$27,459,663.20"
415,Bikes,2012-02-20,"$11,059.45","$27,470,722.65"
416,Bikes,2012-02-21,"$20,145.10","$27,490,867.75"
417,Bikes,2012-02-22,"$20,517.33","$27,511,385.08"
418,Bikes,2012-02-23,"$20,835.53","$27,532,220.61"
419,Bikes,2012-02-24,"$18,683.86","$27,550,904.47"
420,Bikes,2012-02-25,"$16,577.49","$27,567,481.96"
421,Bikes,2012-02-26,"$12,824.44","$27,580,306.40"
422,Bikes,2012-02-27,"$15,220.43","$27,595,526.83"
423,Bikes,2012-02-28,"$23,309.82","$27,618,836.65"
424,Bikes,2012-02-29,"$2,159,299.03","$29,778,135.68"
425,Bikes,2012-03-01,"$11,554.45","$29,789,690.13"
426,Bikes,2012-03-02,"$16,814.13","$29,806,504.26"
427,Bikes,2012-03-03,"$10,443.87","$29,816,948.13"
428,Bikes,2012-03-04,"$8,726.24","$29,825,674.37"
429,Bikes,2012-03-05,"$8,988.03","$29,834,662.40"
430,Bikes,2012-03-06,"$3,226.34","$29,837,888.74"
431,Bikes,2012-03-07,"$18,755.92","$29,856,644.66"
432,Bikes,2012-03-08,"$15,933.93","$29,872,578.59"
433,Bikes,2012-03-09,"$16,856.09","$29,889,434.68"
434,Bikes,2012-03-10,"$15,371.22","$29,904,805.90"
435,Bikes,2012-03-11,"$9,783.95","$29,914,589.85"
436,Bikes,2012-03-12,"$18,462.72","$29,933,052.57"
437,Bikes,2012-03-13,"$16,369.84","$29,949,422.41"
438,Bikes,2012-03-14,"$8,855.57","$29,958,277.98"
439,Bikes,2012-03-15,"$8,262.31","$29,966,540.29"
440,Bikes,2012-03-16,"$9,726.68","$29,976,266.97"
441,Bikes,2012-03-17,"$18,668.10","$29,994,935.07"
442,Bikes,2012-03-18,"$14,257.21","$30,009,192.28"
443,Bikes,2012-03-19,"$9,868.94","$30,019,061.22"
444,Bikes,2012-03-20,"$10,904.67","$30,029,965.89"
445,Bikes,2012-03-21,"$8,328.11","$30,038,294.00"
446,Bikes,2012-03-22,"$8,602.83","$30,046,896.83"
447,Bikes,2012-03-23,"$15,697.29","$30,062,594.12"
448,Bikes,2012-03-24,"$9,372.89","$30,071,967.01"
449,Bikes,2012-03-25,"$19,363.27","$30,091,330.28"
450,Bikes,2012-03-26,"$5,013.65","$30,096,343.93"
451,Bikes,2012-03-27,"$2,854.41","$30,099,198.34"
452,Bikes,2012-03-28,"$12,950.19","$30,112,148.53"
453,Bikes,2012-03-29,"$13,599.67","$30,125,748.20"
454,Bikes,2012-03-30,"$1,478,937.00","$31,604,685.20"
455,Bikes,2012-03-31,"$12,726.93","$31,617,412.13"
456,Bikes,2012-04-01,"$15,551.90","$31,632,964.03"
457,Bikes,2012-04-02,"$12,798.54","$31,645,762.57"
458,Bikes,2012-04-03,"$5,035.97","$31,650,798.54"
459,Bikes,2012-04-04,"$12,183.71","$31,662,982.25"
460,Bikes,2012-04-05,"$11,488.65","$31,674,470.90"
461,Bikes,2012-04-06,"$13,869.52","$31,688,340.42"
462,Bikes,2012-04-07,"$6,958.12","$31,695,298.54"
463,Bikes,2012-04-08,"$8,593.78","$31,703,892.32"
464,Bikes,2012-04-09,"$15,574.22","$31,719,466.54"
465,Bikes,2012-04-10,"$17,916.63","$31,737,383.17"
466,Bikes,2012-04-11,"$24,070.79","$31,761,453.96"
467,Bikes,2012-04-12,"$12,627.81","$31,774,081.77"
468,Bikes,2012-04-13,"$10,856.45","$31,784,938.22"
469,Bikes,2012-04-14,"$13,687.02","$31,798,625.24"
470,Bikes,2012-04-15,"$10,945.13","$31,809,570.37"
471,Bikes,2012-04-16,"$13,122.23","$31,822,692.60"
472,Bikes,2012-04-17,"$21,384.84","$31,844,077.44"
473,Bikes,2012-04-18,"$14,342.20","$31,858,419.64"
474,Bikes,2012-04-19,"$19,119.81","$31,877,539.45"
475,Bikes,2012-04-20,"$12,820.56","$31,890,360.01"
476,Bikes,2012-04-21,"$12,183.71","$31,902,543.72"
477,Bikes,2012-04-22,"$18,273.85","$31,920,817.57"
478,Bikes,2012-04-23,"$12,423.18","$31,933,240.75"
479,Bikes,2012-04-24,"$15,475.85","$31,948,716.60"
480,Bikes,2012-04-25,"$6,806.47","$31,955,523.07"
481,Bikes,2012-04-26,"$10,771.46","$31,966,294.53"
482,Bikes,2012-04-27,"$10,071.94","$31,976,366.47"
483,Bikes,2012-04-28,"$23,374.12","$31,999,740.59"
484,Bikes,2012-04-29,"$7,191.33","$32,006,931.92"
485,Bikes,2012-04-30,"$2,505,648.88","$34,512,580.80"
486,Bikes,2012-05-01,"$8,745.43","$34,521,326.23"
487,Bikes,2012-05-02,"$10,528.86","$34,531,855.09"
488,Bikes,2012-05-03,"$2,443.35","$34,534,298.44"
489,Bikes,2012-05-04,"$7,712.53","$34,542,010.97"
490,Bikes,2012-05-05,"$16,046.90","$34,558,057.87"
491,Bikes,2012-05-06,"$7,036.85","$34,565,094.72"
492,Bikes,2012-05-07,"$13,998.85","$34,579,093.57"
493,Bikes,2012-05-08,"$7,479.32","$34,586,572.89"
494,Bikes,2012-05-09,"$13,759.08","$34,600,331.97"
495,Bikes,2012-05-10,"$21,086.75","$34,621,418.72"
496,Bikes,2012-05-11,"$10,771.46","$34,632,190.18"
497,Bikes,2012-05-12,"$8,855.57","$34,641,045.75"
498,Bikes,2012-05-13,"$11,321.24","$34,652,366.99"
499,Bikes,2012-05-14,"$5,297.76","$34,657,664.75"
500,Bikes,2012-05-15,"$15,371.22","$34,673,035.97"
501,Bikes,2012-05-16,"$8,761.19","$34,681,797.16"
502,Bikes,2012-05-17,"$11,226.86","$34,693,024.02"
503,Bikes,2012-05-18,"$7,302.52","$34,700,326.54"
504,Bikes,2012-05-19,"$16,503.35","$34,716,829.89"
505,Bikes,2012-05-20,"$10,108.41","$34,726,938.30"
506,Bikes,2012-05-21,"$7,479.32","$34,734,417.62"
507,Bikes,2012-05-22,"$7,036.85","$34,741,454.47"
508,Bikes,2012-05-23,"$17,768.41","$34,759,222.88"
509,Bikes,2012-05-24,"$16,073.10","$34,775,295.98"
510,Bikes,2012-05-25,"$10,333.73","$34,785,629.71"
511,Bikes,2012-05-26,"$13,709.47","$34,799,339.18"
512,Bikes,2012-05-27,"$10,945.13","$34,810,284.31"
513,Bikes,2012-05-28,"$10,923.11","$34,821,207.42"
514,Bikes,2012-05-29,"$15,652.65","$34,836,860.07"
515,Bikes,2012-05-30,"$1,753,947.61","$36,590,807.68"
516,Bikes,2012-05-31,"$14,560.51","$36,605,368.19"
517,Bikes,2012-06-01,"$29,610.29","$36,634,978.48"
518,Bikes,2012-06-02,"$3,832.53","$36,638,811.01"
519,Bikes,2012-06-03,"$20,158.03","$36,658,969.04"
520,Bikes,2012-06-04,"$11,640.19","$36,670,609.23"
521,Bikes,2012-06-05,"$28,692.27","$36,699,301.50"
522,Bikes,2012-06-06,"$18,854.14","$36,718,155.64"
523,Bikes,2012-06-07,"$9,913.28","$36,728,068.92"
524,Bikes,2012-06-08,"$16,078.91","$36,744,147.83"
525,Bikes,2012-06-09,"$24,853.78","$36,769,001.61"
526,Bikes,2012-06-10,"$32,050.51","$36,801,052.12"
527,Bikes,2012-06-11,"$22,172.18","$36,823,224.30"
528,Bikes,2012-06-12,"$25,960.18","$36,849,184.48"
529,Bikes,2012-06-13,"$9,376.77","$36,858,561.25"
530,Bikes,2012-06-14,"$15,425.81","$36,873,987.06"
531,Bikes,2012-06-15,"$18,267.59","$36,892,254.65"
532,Bikes,2012-06-16,"$19,796.54","$36,912,051.19"
533,Bikes,2012-06-17,"$28,409.51","$36,940,460.70"
534,Bikes,2012-06-18,"$24,809.14","$36,965,269.84"
535,Bikes,2012-06-19,"$5,120.96","$36,970,390.80"
536,Bikes,2012-06-20,"$19,834.32","$36,990,225.12"
537,Bikes,2012-06-21,"$21,190.18","$37,011,415.30"
538,Bikes,2012-06-22,"$22,517.44","$37,033,932.74"
539,Bikes,2012-06-23,"$12,028.18","$37,045,960.92"
540,Bikes,2012-06-24,"$15,720.36","$37,061,681.28"
541,Bikes,2012-06-25,"$15,892.42","$37,077,573.70"
542,Bikes,2012-06-26,"$20,363.30","$37,097,937.00"
543,Bikes,2012-06-27,"$22,998.76","$37,120,935.76"
544,Bikes,2012-06-28,"$15,836.01","$37,136,771.77"
545,Bikes,2012-06-29,"$11,311.85","$37,148,083.62"
546,Bikes,2012-06-30,"$1,184,155.76","$38,332,239.38"
547,Bikes,2012-07-01,"$19,703.49","$38,351,942.87"
548,Bikes,2012-07-02,"$13,519.61","$38,365,462.48"
549,Bikes,2012-07-03,"$18,628.97","$38,384,091.45"
550,Bikes,2012-07-04,"$13,497.29","$38,397,588.74"
551,Bikes,2012-07-05,"$4,363.12","$38,401,951.86"
552,Bikes,2012-07-06,"$14,623.18","$38,416,575.04"
553,Bikes,2012-07-07,"$15,733.29","$38,432,308.33"
554,Bikes,2012-07-08,"$18,141.69","$38,450,450.02"
555,Bikes,2012-07-09,"$15,558.27","$38,466,008.29"
556,Bikes,2012-07-10,"$13,976.53","$38,479,984.82"
557,Bikes,2012-07-11,"$13,254.69","$38,493,239.51"
558,Bikes,2012-07-12,"$20,861.73","$38,514,101.24"
559,Bikes,2012-07-13,"$12,339.24","$38,526,440.48"
560,Bikes,2012-07-14,"$15,997.91","$38,542,438.39"
561,Bikes,2012-07-15,"$20,057.28","$38,562,495.67"
562,Bikes,2012-07-16,"$11,047.23","$38,573,542.90"
563,Bikes,2012-07-17,"$12,972.21","$38,586,515.11"
564,Bikes,2012-07-18,"$9,418.28","$38,595,933.39"
565,Bikes,2012-07-19,"$15,176.84","$38,611,110.23"
566,Bikes,2012-07-20,"$12,316.17","$38,623,426.40"
567,Bikes,2012-07-21,"$16,608.75","$38,640,035.15"
568,Bikes,2012-07-22,"$21,357.59","$38,661,392.74"
569,Bikes,2012-07-23,"$13,759.08","$38,675,151.82"
570,Bikes,2012-07-24,"$6,298.20","$38,681,450.02"
571,Bikes,2012-07-25,"$20,300.63","$38,701,750.65"
572,Bikes,2012-07-26,"$5,275.44","$38,707,026.09"
573,Bikes,2012-07-27,"$11,450.57","$38,718,476.66"
574,Bikes,2012-07-28,"$13,474.22","$38,731,950.88"
575,Bikes,2012-07-29,"$9,240.43","$38,741,191.31"
576,Bikes,2012-07-30,"$17,468.54","$38,758,659.85"
577,Bikes,2012-07-31,"$2,172,506.14","$40,931,165.99"
578,Bikes,2012-08-01,"$19,623.90","$40,950,789.89"
579,Bikes,2012-08-02,"$11,302.46","$40,962,092.35"
580,Bikes,2012-08-03,"$30,851.06","$40,992,943.41"
581,Bikes,2012-08-04,"$16,834.82","$41,009,778.23"
582,Bikes,2012-08-05,"$22,601.38","$41,032,379.61"
583,Bikes,2012-08-06,"$15,937.81","$41,048,317.42"
584,Bikes,2012-08-07,"$17,215.80","$41,065,533.22"
585,Bikes,2012-08-08,"$20,491.41","$41,086,024.63"
586,Bikes,2012-08-09,"$14,937.37","$41,100,962.00"
587,Bikes,2012-08-10,"$8,351.18","$41,109,313.18"
588,Bikes,2012-08-11,"$18,597.09","$41,127,910.27"
589,Bikes,2012-08-12,"$20,359.72","$41,148,269.99"
590,Bikes,2012-08-13,"$18,595.18","$41,166,865.17"
591,Bikes,2012-08-14,"$18,592.05","$41,185,457.22"
592,Bikes,2012-08-15,"$8,241.04","$41,193,698.26"
593,Bikes,2012-08-16,"$24,793.38","$41,218,491.64"
594,Bikes,2012-08-17,"$24,439.59","$41,242,931.23"
595,Bikes,2012-08-18,"$19,122.64","$41,262,053.87"
596,Bikes,2012-08-19,"$17,484.30","$41,279,538.17"
597,Bikes,2012-08-20,"$20,287.66","$41,299,825.83"
598,Bikes,2012-08-21,"$21,481.00","$41,321,306.83"
599,Bikes,2012-08-22,"$4,009.33","$41,325,316.16"
600,Bikes,2012-08-23,"$19,663.03","$41,344,979.19"
601,Bikes,2012-08-24,"$28,936.50","$41,373,915.69"
602,Bikes,2012-08-25,"$10,067.76","$41,383,983.45"
603,Bikes,2012-08-26,"$5,363.56","$41,389,347.01"
604,Bikes,2012-08-27,"$12,771.57","$41,402,118.58"
605,Bikes,2012-08-28,"$1,369,934.41","$42,772,052.99"
606,Bikes,2012-08-29,"$19,707.67","$42,791,760.66"
607,Bikes,2012-08-30,"$11,315.73","$42,803,076.39"
608,Bikes,2012-08-31,"$11,905.11","$42,814,981.50"
609,Bikes,2012-09-01,"$33,055.69","$42,848,037.19"
610,Bikes,2012-09-02,"$9,852.13","$42,857,889.32"
611,Bikes,2012-09-03,"$12,985.14","$42,870,874.46"
612,Bikes,2012-09-04,"$24,456.70","$42,895,331.16"
613,Bikes,2012-09-05,"$9,134.17","$42,904,465.33"
614,Bikes,2012-09-06,"$9,528.42","$42,913,993.75"
615,Bikes,2012-09-07,"$13,099.16","$42,927,092.91"
616,Bikes,2012-09-08,"$33,090.64","$42,960,183.55"
617,Bikes,2012-09-09,"$14,915.05","$42,975,098.60"
618,Bikes,2012-09-10,"$16,591.17","$42,991,689.77"
619,Bikes,2012-09-11,"$11,211.10","$43,002,900.87"
620,Bikes,2012-09-12,"$13,957.34","$43,016,858.21"
621,Bikes,2012-09-13,"$18,491.30","$43,035,349.51"
622,Bikes,2012-09-14,"$29,939.49","$43,065,289.00"
623,Bikes,2012-09-15,"$19,898.92","$43,085,187.92"
624,Bikes,2012-09-16,"$15,794.91","$43,100,982.83"
625,Bikes,2012-09-17,"$8,479.76","$43,109,462.59"
626,Bikes,2012-09-18,"$8,687.82","$43,118,150.41"
627,Bikes,2012-09-19,"$12,821.31","$43,130,971.72"
628,Bikes,2012-09-20,"$6,797.08","$43,137,768.80"
629,Bikes,2012-09-21,"$8,657.61","$43,146,426.41"
630,Bikes,2012-09-22,"$11,505.46","$43,157,931.87"
631,Bikes,2012-09-23,"$5,686.50","$43,163,618.37"
632,Bikes,2012-09-24,"$24,681.89","$43,188,300.26"
633,Bikes,2012-09-25,"$17,551.26","$43,205,851.52"
634,Bikes,2012-09-26,"$20,934.65","$43,226,786.17"
635,Bikes,2012-09-27,"$20,805.32","$43,247,591.49"
636,Bikes,2012-09-28,"$1,528,917.17","$44,776,508.66"
637,Bikes,2012-09-29,"$26,338.09","$44,802,846.75"
638,Bikes,2012-09-30,"$8,195.65","$44,811,042.40"
639,Bikes,2012-10-01,"$19,375.04","$44,830,417.44"
640,Bikes,2012-10-02,"$16,363.32","$44,846,780.76"
641,Bikes,2012-10-03,"$8,413.10","$44,855,193.86"
642,Bikes,2012-10-04,"$18,831.52","$44,874,025.38"
643,Bikes,2012-10-05,"$23,720.88","$44,897,746.26"
644,Bikes,2012-10-06,"$19,119.81","$44,916,866.07"
645,Bikes,2012-10-07,"$12,316.92","$44,929,182.99"
646,Bikes,2012-10-08,"$24,067.66","$44,953,250.65"
647,Bikes,2012-10-09,"$12,622.60","$44,965,873.25"
648,Bikes,2012-10-10,"$29,402.34","$44,995,275.59"
649,Bikes,2012-10-11,"$13,693.58","$45,008,969.17"
650,Bikes,2012-10-12,"$16,742.07","$45,025,711.24"
651,Bikes,2012-10-13,"$13,911.03","$45,039,622.27"
652,Bikes,2012-10-14,"$25,764.19","$45,065,386.46"
653,Bikes,2012-10-15,"$22,504.51","$45,087,890.97"
654,Bikes,2012-10-16,"$11,094.40","$45,098,985.37"
655,Bikes,2012-10-17,"$13,772.01","$45,112,757.38"
656,Bikes,2012-10-18,"$5,530.97","$45,118,288.35"
657,Bikes,2012-10-19,"$8,453.56","$45,126,741.91"
658,Bikes,2012-10-20,"$10,159.76","$45,136,901.67"
659,Bikes,2012-10-21,"$27,973.86","$45,164,875.53"
660,Bikes,2012-10-22,"$23,318.87","$45,188,194.40"
661,Bikes,2012-10-23,"$11,434.92","$45,199,629.32"
662,Bikes,2012-10-24,"$19,600.36","$45,219,229.68"
663,Bikes,2012-10-25,"$15,940.94","$45,235,170.62"
664,Bikes,2012-10-26,"$11,510.11","$45,246,680.73"
665,Bikes,2012-10-27,"$17,193.48","$45,263,874.21"
666,Bikes,2012-10-28,"$2,368,861.83","$47,632,736.04"
667,Bikes,2012-10-29,"$21,870.79","$47,654,606.83"
668,Bikes,2012-10-30,"$21,306.54","$47,675,913.37"
669,Bikes,2012-10-31,"$17,070.41","$47,692,983.78"
670,Bikes,2012-11-01,"$20,654.08","$47,713,637.86"
671,Bikes,2012-11-02,"$24,977.60","$47,738,615.46"
672,Bikes,2012-11-03,"$16,918.76","$47,755,534.22"
673,Bikes,2012-11-04,"$25,894.57","$47,781,428.79"
674,Bikes,2012-11-05,"$12,529.74","$47,793,958.53"
675,Bikes,2012-11-06,"$10,267.07","$47,804,225.60"
676,Bikes,2012-11-07,"$19,305.55","$47,823,531.15"
677,Bikes,2012-11-08,"$21,685.93","$47,845,217.08"
678,Bikes,2012-11-09,"$11,719.03","$47,856,936.11"
679,Bikes,2012-11-10,"$16,663.19","$47,873,599.30"
680,Bikes,2012-11-11,"$15,867.27","$47,889,466.57"
681,Bikes,2012-11-12,"$12,157.81","$47,901,624.38"
682,Bikes,2012-11-13,"$13,231.62","$47,914,856.00"
683,Bikes,2012-11-14,"$4,624.91","$47,919,480.91"
684,Bikes,2012-11-15,"$13,516.48","$47,932,997.39"
685,Bikes,2012-11-16,"$16,303.48","$47,949,300.87"
686,Bikes,2012-11-17,"$17,724.07","$47,967,024.94"
687,Bikes,2012-11-18,"$20,486.67","$47,987,511.61"
688,Bikes,2012-11-19,"$21,560.48","$48,009,072.09"
689,Bikes,2012-11-20,"$26,135.35","$48,035,207.44"
690,Bikes,2012-11-21,"$11,267.51","$48,046,474.95"
691,Bikes,2012-11-22,"$19,686.10","$48,066,161.05"
692,Bikes,2012-11-23,"$18,268.34","$48,084,429.39"
693,Bikes,2012-11-24,"$20,228.57","$48,104,657.96"
694,Bikes,2012-11-25,"$15,237.24","$48,119,895.20"
695,Bikes,2012-11-26,"$27,077.32","$48,146,972.52"
696,Bikes,2012-11-27,"$26,456.23","$48,173,428.75"
697,Bikes,2012-11-28,"$1,567,520.01","$49,740,948.76"
698,Bikes,2012-11-29,"$22,098.04","$49,763,046.80"
699,Bikes,2012-11-30,"$9,841.22","$49,772,888.02"
700,Bikes,2012-12-01,"$13,028.62","$49,785,916.64"
701,Bikes,2012-12-02,"$11,962.38","$49,797,879.02"
702,Bikes,2012-12-03,"$20,711.99","$49,818,591.01"
703,Bikes,2012-12-04,"$17,348.26","$49,835,939.27"
704,Bikes,2012-12-05,"$31,240.55","$49,867,179.82"
705,Bikes,2012-12-06,"$13,733.93","$49,880,913.75"
706,Bikes,2012-12-07,"$24,479.02","$49,905,392.77"
707,Bikes,2012-12-08,"$20,345.27","$49,925,738.04"
708,Bikes,2012-12-09,"$21,213.25","$49,946,951.29"
709,Bikes,2012-12-10,"$19,296.61","$49,966,247.90"
710,Bikes,2012-12-11,"$17,238.12","$49,983,486.02"
711,Bikes,2012-12-12,"$25,137.89","$50,008,623.91"
712,Bikes,2012-12-13,"$10,263.19","$50,018,887.10"
713,Bikes,2012-12-14,"$17,437.13","$50,036,324.23"
714,Bikes,2012-12-15,"$14,933.49","$50,051,257.72"
715,Bikes,2012-12-16,"$23,565.35","$50,074,823.07"
716,Bikes,2012-12-17,"$16,322.67","$50,091,145.74"
717,Bikes,2012-12-18,"$24,517.27","$50,115,663.01"
718,Bikes,2012-12-19,"$9,130.29","$50,124,793.30"
719,Bikes,2012-12-20,"$15,782.28","$50,140,575.58"
720,Bikes,2012-12-21,"$19,442.75","$50,160,018.33"
721,Bikes,2012-12-22,"$15,759.96","$50,175,778.29"
722,Bikes,2012-12-23,"$11,678.27","$50,187,456.56"
723,Bikes,2012-12-24,"$28,395.53","$50,215,852.09"
724,Bikes,2012-12-25,"$21,557.76","$50,237,409.85"
725,Bikes,2012-12-26,"$13,210.05","$50,250,619.90"
726,Bikes,2012-12-27,"$19,556.77","$50,270,176.67"
727,Bikes,2012-12-28,"$1,946,973.12","$52,217,149.79"
728,Bikes,2012-12-29,"$24,508.16","$52,241,657.95"
729,Bikes,2012-12-30,"$34,017.03","$52,275,674.98"
730,Bikes,2012-12-31,"$42,661.95","$52,318,336.93"
731,Bikes,2013-01-01,"$29,036.17","$52,347,373.10"
732,Bikes,2013-01-02,"$12,333.52","$52,359,706.62"
733,Bikes,2013-01-03,"$31,939.85","$52,391,646.47"
734,Bikes,2013-01-04,"$26,936.37","$52,418,582.84"
735,Bikes,2013-01-05,"$32,062.75","$52,450,645.59"
736,Bikes,2013-01-06,"$21,331.23","$52,471,976.82"
737,Bikes,2013-01-07,"$42,238.29","$52,514,215.11"
738,Bikes,2013-01-08,"$22,261.73","$52,536,476.84"
739,Bikes,2013-01-09,"$28,962.13","$52,565,438.97"
740,Bikes,2013-01-10,"$26,530.44","$52,591,969.41"
741,Bikes,2013-01-11,"$29,431.33","$52,621,400.74"
742,Bikes,2013-01-12,"$23,493.38","$52,644,894.12"
743,Bikes,2013-01-13,"$28,617.36","$52,673,511.48"
744,Bikes,2013-01-14,"$16,531.57","$52,690,043.05"
745,Bikes,2013-01-15,"$17,112.31","$52,707,155.36"
746,Bikes,2013-01-16,"$41,794.72","$52,748,950.08"
747,Bikes,2013-01-17,"$10,281.35","$52,759,231.43"
748,Bikes,2013-01-18,"$28,536.21","$52,787,767.64"
749,Bikes,2013-01-19,"$27,516.37","$52,815,284.01"
750,Bikes,2013-01-20,"$45,044.04","$52,860,328.05"
751,Bikes,2013-01-21,"$23,890.29","$52,884,218.34"
752,Bikes,2013-01-22,"$36,476.86","$52,920,695.20"
753,Bikes,2013-01-23,"$19,605.65","$52,940,300.85"
754,Bikes,2013-01-24,"$21,196.50","$52,961,497.35"
755,Bikes,2013-01-25,"$45,172.79","$53,006,670.14"
756,Bikes,2013-01-26,"$20,843.54","$53,027,513.68"
757,Bikes,2013-01-27,"$32,092.28","$53,059,605.96"
758,Bikes,2013-01-28,"$3,121,938.46","$56,181,544.42"
759,Bikes,2013-01-29,"$15,503.43","$56,197,047.85"
760,Bikes,2013-01-30,"$31,766.55","$56,228,814.40"
761,Bikes,2013-01-31,"$21,307.93","$56,250,122.33"
762,Bikes,2013-02-01,"$8,634.53","$56,258,756.86"
763,Bikes,2013-02-02,"$29,568.65","$56,288,325.51"
764,Bikes,2013-02-03,"$37,333.66","$56,325,659.17"
765,Bikes,2013-02-04,"$37,778.91","$56,363,438.08"
766,Bikes,2013-02-05,"$34,152.76","$56,397,590.84"
767,Bikes,2013-02-06,"$7,355.44","$56,404,946.28"
768,Bikes,2013-02-07,"$21,629.10","$56,426,575.38"
769,Bikes,2013-02-08,"$36,345.00","$56,462,920.38"
770,Bikes,2013-02-09,"$24,489.91","$56,487,410.29"
771,Bikes,2013-02-10,"$19,779.42","$56,507,189.71"
772,Bikes,2013-02-11,"$7,152.79","$56,514,342.50"
773,Bikes,2013-02-12,"$22,123.58","$56,536,466.08"
774,Bikes,2013-02-13,"$28,182.65","$56,564,648.73"
775,Bikes,2013-02-14,"$41,089.42","$56,605,738.15"
776,Bikes,2013-02-15,"$29,501.92","$56,635,240.07"
777,Bikes,2013-02-16,"$20,918.86","$56,656,158.93"
778,Bikes,2013-02-17,"$19,864.16","$56,676,023.09"
779,Bikes,2013-02-18,"$15,279.48","$56,691,302.57"
780,Bikes,2013-02-19,"$21,790.68","$56,713,093.25"
781,Bikes,2013-02-20,"$35,078.50","$56,748,171.75"
782,Bikes,2013-02-21,"$31,263.78","$56,779,435.53"
783,Bikes,2013-02-22,"$31,053.02","$56,810,488.55"
784,Bikes,2013-02-23,"$14,271.79","$56,824,760.34"
785,Bikes,2013-02-24,"$26,811.37","$56,851,571.71"
786,Bikes,2013-02-25,"$30,798.32","$56,882,370.03"
787,Bikes,2013-02-26,"$28,192.93","$56,910,562.96"
788,Bikes,2013-02-27,"$22,938.56","$56,933,501.52"
789,Bikes,2013-02-28,"$2,928,309.16","$59,861,810.68"
790,Bikes,2013-03-01,"$37,191.64","$59,899,002.32"
791,Bikes,2013-03-02,"$37,579.47","$59,936,581.79"
792,Bikes,2013-03-03,"$24,891.66","$59,961,473.45"
793,Bikes,2013-03-04,"$35,169.46","$59,996,642.91"
794,Bikes,2013-03-05,"$32,679.56","$60,029,322.47"
795,Bikes,2013-03-06,"$27,693.39","$60,057,015.86"
796,Bikes,2013-03-07,"$32,733.92","$60,089,749.78"
797,Bikes,2013-03-08,"$36,382.02","$60,126,131.80"
798,Bikes,2013-03-09,"$29,792.51","$60,155,924.31"
799,Bikes,2013-03-10,"$20,164.57","$60,176,088.88"
800,Bikes,2013-03-11,"$35,727.56","$60,211,816.44"
801,Bikes,2013-03-12,"$52,713.57","$60,264,530.01"
802,Bikes,2013-03-13,"$33,764.64","$60,298,294.65"
803,Bikes,2013-03-14,"$29,258.05","$60,327,552.70"
804,Bikes,2013-03-15,"$20,036.53","$60,347,589.23"
805,Bikes,2013-03-16,"$22,574.07","$60,370,163.30"
806,Bikes,2013-03-17,"$28,877.56","$60,399,040.86"
807,Bikes,2013-03-18,"$54,315.51","$60,453,356.37"
808,Bikes,2013-03-19,"$43,829.18","$60,497,185.55"
809,Bikes,2013-03-20,"$20,937.64","$60,518,123.19"
810,Bikes,2013-03-21,"$39,142.31","$60,557,265.50"
811,Bikes,2013-03-22,"$33,566.67","$60,590,832.17"
812,Bikes,2013-03-23,"$23,156.01","$60,613,988.18"
813,Bikes,2013-03-24,"$29,516.06","$60,643,504.24"
814,Bikes,2013-03-25,"$26,270.34","$60,669,774.58"
815,Bikes,2013-03-26,"$35,257.88","$60,705,032.46"
816,Bikes,2013-03-27,"$19,455.17","$60,724,487.63"
817,Bikes,2013-03-28,"$20,980.82","$60,745,468.45"
818,Bikes,2013-03-29,"$27,888.65","$60,773,357.10"
819,Bikes,2013-03-30,"$1,895,504.44","$62,668,861.54"
820,Bikes,2013-03-31,"$34,670.88","$62,703,532.42"
821,Bikes,2013-04-01,"$28,026.85","$62,731,559.27"
822,Bikes,2013-04-02,"$31,816.77","$62,763,376.04"
823,Bikes,2013-04-03,"$38,090.94","$62,801,466.98"
824,Bikes,2013-04-04,"$41,343.73","$62,842,810.71"
825,Bikes,2013-04-05,"$22,934.56","$62,865,745.27"
826,Bikes,2013-04-06,"$42,087.45","$62,907,832.72"
827,Bikes,2013-04-07,"$36,376.46","$62,944,209.18"
828,Bikes,2013-04-08,"$25,076.56","$62,969,285.74"
829,Bikes,2013-04-09,"$37,318.10","$63,006,603.84"
830,Bikes,2013-04-10,"$34,687.68","$63,041,291.52"
831,Bikes,2013-04-11,"$31,992.90","$63,073,284.42"
832,Bikes,2013-04-12,"$34,362.88","$63,107,647.30"
833,Bikes,2013-04-13,"$34,406.19","$63,142,053.49"
834,Bikes,2013-04-14,"$25,405.75","$63,167,459.24"
835,Bikes,2013-04-15,"$34,761.67","$63,202,220.91"
836,Bikes,2013-04-16,"$42,744.39","$63,244,965.30"
837,Bikes,2013-04-17,"$37,344.36","$63,282,309.66"
838,Bikes,2013-04-18,"$19,529.96","$63,301,839.62"
839,Bikes,2013-04-19,"$31,734.40","$63,333,574.02"
840,Bikes,2013-04-20,"$39,973.46","$63,373,547.48"
841,Bikes,2013-04-21,"$35,325.51","$63,408,872.99"
842,Bikes,2013-04-22,"$15,905.29","$63,424,778.28"
843,Bikes,2013-04-23,"$24,975.21","$63,449,753.49"
844,Bikes,2013-04-24,"$41,515.87","$63,491,269.36"
845,Bikes,2013-04-25,"$29,110.01","$63,520,379.37"
846,Bikes,2013-04-26,"$33,521.98","$63,553,901.35"
847,Bikes,2013-04-27,"$25,715.00","$63,579,616.35"
848,Bikes,2013-04-28,"$33,626.36","$63,613,242.71"
849,Bikes,2013-04-29,"$33,991.55","$63,647,234.26"
850,Bikes,2013-04-30,"$2,831,149.48","$66,478,383.74"
851,Bikes,2013-05-01,"$35,715.84","$66,514,099.58"
852,Bikes,2013-05-02,"$45,662.59","$66,559,762.17"
853,Bikes,2013-05-03,"$25,723.64","$66,585,485.81"
854,Bikes,2013-05-04,"$29,929.25","$66,615,415.06"
855,Bikes,2013-05-05,"$36,349.97","$66,651,765.03"
856,Bikes,2013-05-06,"$36,507.66","$66,688,272.69"
857,Bikes,2013-05-07,"$26,144.16","$66,714,416.85"
858,Bikes,2013-05-08,"$44,365.16","$66,758,782.01"
859,Bikes,2013-05-09,"$49,808.07","$66,808,590.08"
860,Bikes,2013-05-10,"$16,249.15","$66,824,839.23"
861,Bikes,2013-05-11,"$34,451.73","$66,859,290.96"
862,Bikes,2013-05-12,"$33,412.26","$66,892,703.22"
863,Bikes,2013-05-13,"$33,281.54","$66,925,984.76"
864,Bikes,2013-05-14,"$38,471.67","$66,964,456.43"
865,Bikes,2013-05-15,"$35,982.76","$67,000,439.19"
866,Bikes,2013-05-16,"$38,833.19","$67,039,272.38"
867,Bikes,2013-05-17,"$36,022.31","$67,075,294.69"
868,Bikes,2013-05-18,"$40,319.82","$67,115,614.51"
869,Bikes,2013-05-19,"$25,300.62","$67,140,915.13"
870,Bikes,2013-05-20,"$34,964.73","$67,175,879.86"
871,Bikes,2013-05-21,"$55,316.84","$67,231,196.70"
872,Bikes,2013-05-22,"$35,826.75","$67,267,023.45"
873,Bikes,2013-05-23,"$57,289.86","$67,324,313.31"
874,Bikes,2013-05-24,"$33,040.76","$67,357,354.07"
875,Bikes,2013-05-25,"$39,935.62","$67,397,289.69"
876,Bikes,2013-05-26,"$47,783.67","$67,445,073.36"
877,Bikes,2013-05-27,"$50,483.13","$67,495,556.49"
878,Bikes,2013-05-28,"$43,353.92","$67,538,910.41"
879,Bikes,2013-05-29,"$30,891.81","$67,569,802.22"
880,Bikes,2013-05-30,"$2,913,824.44","$70,483,626.66"
881,Bikes,2013-05-31,"$48,695.33","$70,532,321.99"
882,Bikes,2013-06-01,"$59,845.52","$70,592,167.51"
883,Bikes,2013-06-02,"$48,284.90","$70,640,452.41"
884,Bikes,2013-06-03,"$52,833.13","$70,693,285.54"
885,Bikes,2013-06-04,"$68,956.04","$70,762,241.58"
886,Bikes,2013-06-05,"$72,430.80","$70,834,672.38"
887,Bikes,2013-06-06,"$44,019.82","$70,878,692.20"
888,Bikes,2013-06-07,"$43,969.83","$70,922,662.03"
889,Bikes,2013-06-08,"$25,933.29","$70,948,595.32"
890,Bikes,2013-06-09,"$54,601.20","$71,003,196.52"
891,Bikes,2013-06-10,"$66,564.49","$71,069,761.01"
892,Bikes,2013-06-11,"$55,810.88","$71,125,571.89"
893,Bikes,2013-06-12,"$57,652.77","$71,183,224.66"
894,Bikes,2013-06-13,"$54,447.66","$71,237,672.32"
895,Bikes,2013-06-14,"$34,349.94","$71,272,022.26"
896,Bikes,2013-06-15,"$46,494.34","$71,318,516.60"
897,Bikes,2013-06-16,"$63,932.28","$71,382,448.88"
898,Bikes,2013-06-17,"$59,908.70","$71,442,357.58"
899,Bikes,2013-06-18,"$65,143.88","$71,507,501.46"
900,Bikes,2013-06-19,"$60,821.40","$71,568,322.86"
901,Bikes,2013-06-20,"$32,641.46","$71,600,964.32"
902,Bikes,2013-06-21,"$51,859.24","$71,652,823.56"
903,Bikes,2013-06-22,"$40,323.49","$71,693,147.05"
904,Bikes,2013-06-23,"$48,649.10","$71,741,796.15"
905,Bikes,2013-06-24,"$57,818.53","$71,799,614.68"
906,Bikes,2013-06-25,"$46,149.16","$71,845,763.84"
907,Bikes,2013-06-26,"$51,487.12","$71,897,250.96"
908,Bikes,2013-06-27,"$50,395.20","$71,947,646.16"
909,Bikes,2013-06-28,"$56,726.33","$72,004,372.49"
910,Bikes,2013-06-29,"$54,588.07","$72,058,960.56"
911,Bikes,2013-06-30,"$1,477,711.30","$73,536,671.86"
912,Bikes,2013-07-01,"$39,077.76","$73,575,749.62"
913,Bikes,2013-07-02,"$43,946.72","$73,619,696.34"
914,Bikes,2013-07-03,"$37,365.57","$73,657,061.91"
915,Bikes,2013-07-04,"$35,687.05","$73,692,748.96"
916,Bikes,2013-07-05,"$32,675.66","$73,725,424.62"
917,Bikes,2013-07-06,"$50,037.94","$73,775,462.56"
918,Bikes,2013-07-07,"$46,703.91","$73,822,166.47"
919,Bikes,2013-07-08,"$33,121.04","$73,855,287.51"
920,Bikes,2013-07-09,"$44,530.37","$73,899,817.88"
921,Bikes,2013-07-10,"$45,283.01","$73,945,100.89"
922,Bikes,2013-07-11,"$44,287.39","$73,989,388.28"
923,Bikes,2013-07-12,"$39,718.32","$74,029,106.60"
924,Bikes,2013-07-13,"$42,113.98","$74,071,220.58"
925,Bikes,2013-07-14,"$47,861.74","$74,119,082.32"
926,Bikes,2013-07-15,"$40,862.30","$74,159,944.62"
927,Bikes,2013-07-16,"$28,144.96","$74,188,089.58"
928,Bikes,2013-07-17,"$26,105.03","$74,214,194.61"
929,Bikes,2013-07-18,"$32,819.19","$74,247,013.80"
930,Bikes,2013-07-19,"$56,296.34","$74,303,310.14"
931,Bikes,2013-07-20,"$34,892.94","$74,338,203.08"
932,Bikes,2013-07-21,"$40,828.88","$74,379,031.96"
933,Bikes,2013-07-22,"$36,089.78","$74,415,121.74"
934,Bikes,2013-07-23,"$65,643.85","$74,480,765.59"
935,Bikes,2013-07-24,"$31,002.93","$74,511,768.52"
936,Bikes,2013-07-25,"$41,529.33","$74,553,297.85"
937,Bikes,2013-07-26,"$50,709.84","$74,604,007.69"
938,Bikes,2013-07-27,"$49,698.21","$74,653,705.90"
939,Bikes,2013-07-28,"$38,341.24","$74,692,047.14"
940,Bikes,2013-07-29,"$40,624.83","$74,732,671.97"
941,Bikes,2013-07-30,"$33,981.29","$74,766,653.26"
942,Bikes,2013-07-31,"$2,408,022.60","$77,174,675.86"
943,Bikes,2013-08-01,"$46,743.12","$77,221,418.98"
944,Bikes,2013-08-02,"$53,522.15","$77,274,941.13"
945,Bikes,2013-08-03,"$46,268.48","$77,321,209.61"
946,Bikes,2013-08-04,"$51,718.50","$77,372,928.11"
947,Bikes,2013-08-05,"$44,227.29","$77,417,155.40"
948,Bikes,2013-08-06,"$66,947.60","$77,484,103.00"
949,Bikes,2013-08-07,"$63,716.12","$77,547,819.12"
950,Bikes,2013-08-08,"$39,599.15","$77,587,418.27"
951,Bikes,2013-08-09,"$45,446.33","$77,632,864.60"
952,Bikes,2013-08-10,"$36,058.57","$77,668,923.17"
953,Bikes,2013-08-11,"$30,278.11","$77,699,201.28"
954,Bikes,2013-08-12,"$38,167.86","$77,737,369.14"
955,Bikes,2013-08-13,"$49,419.42","$77,786,788.56"
956,Bikes,2013-08-14,"$62,719.80","$77,849,508.36"
957,Bikes,2013-08-15,"$35,429.69","$77,884,938.05"
958,Bikes,2013-08-16,"$57,060.20","$77,941,998.25"
959,Bikes,2013-08-17,"$54,013.57","$77,996,011.82"
960,Bikes,2013-08-18,"$38,894.62","$78,034,906.44"
961,Bikes,2013-08-19,"$77,324.54","$78,112,230.98"
962,Bikes,2013-08-20,"$40,947.98","$78,153,178.96"
963,Bikes,2013-08-21,"$40,632.93","$78,193,811.89"
964,Bikes,2013-08-22,"$43,390.13","$78,237,202.02"
965,Bikes,2013-08-23,"$56,976.90","$78,294,178.92"
966,Bikes,2013-08-24,"$26,749.77","$78,320,928.69"
967,Bikes,2013-08-25,"$33,273.37","$78,354,202.06"
968,Bikes,2013-08-26,"$42,053.02","$78,396,255.08"
969,Bikes,2013-08-27,"$56,409.58","$78,452,664.66"
970,Bikes,2013-08-28,"$46,690.33","$78,499,354.99"
971,Bikes,2013-08-29,"$2,496,419.56","$80,995,774.55"
972,Bikes,2013-08-30,"$37,871.57","$81,033,646.12"
973,Bikes,2013-08-31,"$33,871.74","$81,067,517.86"
974,Bikes,2013-09-01,"$33,490.29","$81,101,008.15"
975,Bikes,2013-09-02,"$54,705.21","$81,155,713.36"
976,Bikes,2013-09-03,"$27,298.45","$81,183,011.81"
977,Bikes,2013-09-04,"$46,903.42","$81,229,915.23"
978,Bikes,2013-09-05,"$47,564.41","$81,277,479.64"
979,Bikes,2013-09-06,"$54,751.55","$81,332,231.19"
980,Bikes,2013-09-07,"$43,641.50","$81,375,872.69"
981,Bikes,2013-09-08,"$43,125.28","$81,418,997.97"
982,Bikes,2013-09-09,"$73,725.89","$81,492,723.86"
983,Bikes,2013-09-10,"$55,289.68","$81,548,013.54"
984,Bikes,2013-09-11,"$37,714.99","$81,585,728.53"
985,Bikes,2013-09-12,"$34,695.39","$81,620,423.92"
986,Bikes,2013-09-13,"$25,930.85","$81,646,354.77"
987,Bikes,2013-09-14,"$43,674.78","$81,690,029.55"
988,Bikes,2013-09-15,"$54,764.16","$81,744,793.71"
989,Bikes,2013-09-16,"$54,415.74","$81,799,209.45"
990,Bikes,2013-09-17,"$50,307.38","$81,849,516.83"
991,Bikes,2013-09-18,"$41,169.76","$81,890,686.59"
992,Bikes,2013-09-19,"$33,681.31","$81,924,367.90"
993,Bikes,2013-09-20,"$48,436.12","$81,972,804.02"
994,Bikes,2013-09-21,"$45,816.90","$82,018,620.92"
995,Bikes,2013-09-22,"$31,298.80","$82,049,919.72"
996,Bikes,2013-09-23,"$41,380.77","$82,091,300.49"
997,Bikes,2013-09-24,"$58,369.40","$82,149,669.89"
998,Bikes,2013-09-25,"$42,499.95","$82,192,169.84"
999,Bikes,2013-09-26,"$30,143.82","$82,222,313.66"
1000,Bikes,2013-09-27,"$49,954.29","$82,272,267.95"
1001,Bikes,2013-09-28,"$49,007.83","$82,321,275.78"
1002,Bikes,2013-09-29,"$1,842,233.91","$84,163,509.69"
1003,Bikes,2013-09-30,"$50,833.29","$84,214,342.98"
1004,Bikes,2013-10-01,"$60,668.37","$84,275,011.35"
1005,Bikes,2013-10-02,"$55,877.57","$84,330,888.92"
1006,Bikes,2013-10-03,"$26,446.84","$84,357,335.76"
1007,Bikes,2013-10-04,"$59,362.12","$84,416,697.88"
1008,Bikes,2013-10-05,"$42,437.24","$84,459,135.12"
1009,Bikes,2013-10-06,"$44,902.32","$84,504,037.44"
1010,Bikes,2013-10-07,"$50,064.54","$84,554,101.98"
1011,Bikes,2013-10-08,"$46,990.12","$84,601,092.10"
1012,Bikes,2013-10-09,"$39,629.77","$84,640,721.87"
1013,Bikes,2013-10-10,"$45,281.10","$84,686,002.97"
1014,Bikes,2013-10-11,"$21,969.98","$84,707,972.95"
1015,Bikes,2013-10-12,"$48,941.51","$84,756,914.46"
1016,Bikes,2013-10-13,"$44,827.59","$84,801,742.05"
1017,Bikes,2013-10-14,"$45,323.25","$84,847,065.30"
1018,Bikes,2013-10-15,"$42,192.01","$84,889,257.31"
1019,Bikes,2013-10-16,"$63,861.49","$84,953,118.80"
1020,Bikes,2013-10-17,"$65,262.37","$85,018,381.17"
1021,Bikes,2013-10-18,"$47,766.09","$85,066,147.26"
1022,Bikes,2013-10-19,"$42,765.73","$85,108,912.99"
1023,Bikes,2013-10-20,"$52,444.59","$85,161,357.58"
1024,Bikes,2013-10-21,"$62,145.10","$85,223,502.68"
1025,Bikes,2013-10-22,"$54,073.87","$85,277,576.55"
1026,Bikes,2013-10-23,"$47,755.71","$85,325,332.26"
1027,Bikes,2013-10-24,"$53,342.10","$85,378,674.36"
1028,Bikes,2013-10-25,"$78,843.54","$85,457,517.90"
1029,Bikes,2013-10-26,"$59,759.86","$85,517,277.76"
1030,Bikes,2013-10-27,"$51,106.36","$85,568,384.12"
1031,Bikes,2013-10-28,"$52,420.69","$85,620,804.81"
1032,Bikes,2013-10-29,"$2,738,073.19","$88,358,878.00"
1033,Bikes,2013-10-30,"$31,377.86","$88,390,255.86"
1034,Bikes,2013-10-31,"$56,872.24","$88,447,128.10"
1035,Bikes,2013-11-01,"$53,312.12","$88,500,440.22"
1036,Bikes,2013-11-02,"$66,928.86","$88,567,369.08"
1037,Bikes,2013-11-03,"$52,750.09","$88,620,119.17"
1038,Bikes,2013-11-04,"$66,925.36","$88,687,044.53"
1039,Bikes,2013-11-05,"$54,783.22","$88,741,827.75"
1040,Bikes,2013-11-06,"$65,539.37","$88,807,367.12"
1041,Bikes,2013-11-07,"$47,481.53","$88,854,848.65"
1042,Bikes,2013-11-08,"$57,167.33","$88,912,015.98"
1043,Bikes,2013-11-09,"$56,637.77","$88,968,653.75"
1044,Bikes,2013-11-10,"$41,847.39","$89,010,501.14"
1045,Bikes,2013-11-11,"$56,023.62","$89,066,524.76"
1046,Bikes,2013-11-12,"$60,306.93","$89,126,831.69"
1047,Bikes,2013-11-13,"$65,863.21","$89,192,694.90"
1048,Bikes,2013-11-14,"$50,796.93","$89,243,491.83"
1049,Bikes,2013-11-15,"$45,245.80","$89,288,737.63"
1050,Bikes,2013-11-16,"$59,782.94","$89,348,520.57"
1051,Bikes,2013-11-17,"$74,959.27","$89,423,479.84"
1052,Bikes,2013-11-18,"$64,729.93","$89,488,209.77"
1053,Bikes,2013-11-19,"$56,702.84","$89,544,912.61"
1054,Bikes,2013-11-20,"$58,361.76","$89,603,274.37"
1055,Bikes,2013-11-21,"$62,928.62","$89,666,202.99"
1056,Bikes,2013-11-22,"$61,668.18","$89,727,871.17"
1057,Bikes,2013-11-23,"$44,047.65","$89,771,918.82"
1058,Bikes,2013-11-24,"$51,794.09","$89,823,712.91"
1059,Bikes,2013-11-25,"$56,887.08","$89,880,599.99"
1060,Bikes,2013-11-26,"$61,297.75","$89,941,897.74"
1061,Bikes,2013-11-27,"$42,853.14","$89,984,750.88"
1062,Bikes,2013-11-28,"$70,693.36","$90,055,444.24"
1063,Bikes,2013-11-29,"$2,758,500.99","$92,813,945.23"
1064,Bikes,2013-11-30,"$32,809.55","$92,846,754.78"
1065,Bikes,2013-12-01,"$55,169.67","$92,901,924.45"
1066,Bikes,2013-12-02,"$46,668.60","$92,948,593.05"
1067,Bikes,2013-12-03,"$62,682.34","$93,011,275.39"
1068,Bikes,2013-12-04,"$78,912.69","$93,090,188.08"
1069,Bikes,2013-12-05,"$85,340.16","$93,175,528.24"
1070,Bikes,2013-12-06,"$58,832.80","$93,234,361.04"
1071,Bikes,2013-12-07,"$60,376.72","$93,294,737.76"
1072,Bikes,2013-12-08,"$55,579.20","$93,350,316.96"
1073,Bikes,2013-12-09,"$75,718.53","$93,426,035.49"
1074,Bikes,2013-12-10,"$52,315.35","$93,478,350.84"
1075,Bikes,2013-12-11,"$55,081.58","$93,533,432.42"
1076,Bikes,2013-12-12,"$91,140.95","$93,624,573.37"
1077,Bikes,2013-12-13,"$62,128.68","$93,686,702.05"
1078,Bikes,2013-12-14,"$55,867.06","$93,742,569.11"
1079,Bikes,2013-12-15,"$67,210.82","$93,809,779.93"
1080,Bikes,2013-12-16,"$54,848.17","$93,864,628.10"
1081,Bikes,2013-12-17,"$68,370.64","$93,932,998.74"
1082,Bikes,2013-12-18,"$64,126.86","$93,997,125.60"
1083,Bikes,2013-12-19,"$79,174.80","$94,076,300.40"
1084,Bikes,2013-12-20,"$62,983.04","$94,139,283.44"
1085,Bikes,2013-12-21,"$45,902.63","$94,185,186.07"
1086,Bikes,2013-12-22,"$62,599.20","$94,247,785.27"
1087,Bikes,2013-12-23,"$73,201.52","$94,320,986.79"
1088,Bikes,2013-12-24,"$65,937.10","$94,386,923.89"
1089,Bikes,2013-12-25,"$55,063.61","$94,441,987.50"
1090,Bikes,2013-12-26,"$74,955.73","$94,516,943.23"
1091,Bikes,2013-12-27,"$57,803.94","$94,574,747.17"
1092,Bikes,2013-12-28,"$45,779.42","$94,620,526.59"
